,Name,Regular,English,Notes,Breakdown
0,DOM_Scriptures,^'ušta.^φyrxkeθəɢð-ɣẅəixiww-səkţɢiss.^šχa'θ-jɒ'gmo'θ-jɒɒ'g-mo'yθ-jnaķem-ʁirukem.^xẅots-šχa'θɢiss-'iixtfu'eq.,"From void evolved Phyrexia. Great Yawgmoth, Father of Machines, saw its perfection. Thus the Grand Evolution began.",A couple glyphs are wrong in this art piece. See the artist's blueprint for the correct version. The translation shows up on Dark Ritual from Urza's Saga.,(past-narrative) phyrexian-world from_void ?-evolution great yawgmoth [pl]machine [4>3]father [3>4]perfection ?_[3>4]see.(thus) great-evolution [3>4]begin
1,UMA_Altar,^'ušta.^əxtxš.,Unskin.,Deduced from the card's flavor text.,(past-narrative) unskin
2,Yawg_Test,^fedχstsqylm-jɒɒ'g-mo'yθ.^ťe-qə-dlčxət'θəxt-xe-natlč-xexə-ɢwyynuš-žkiɢəronɣ-buǩuð.^baqilx-ɢwynuš-hθuqxiwwθəxt-hčxət'θəxtðə-žkiɢəronx-vuwyk-loqit-tektθəxt-ǩeǆylqitsodrm-vuwuk.^kašplʁums.,"Yawgmoth's Testament. Sorcery. Until end of turn, you may play face-up cards you own from exile. If a card would be put into your graveyard or exile from anywhere this turn, put it on the bottom of your library instead.",We're using the corrected version WotC published.,"testament [pl]machine [4>3]father.(can) (that) in_exile (indicative) face (indicative-and) [pl,2>2]card for_this_turn [2>3]play.(if-would) [2>2]card to_graveyard to_exile_or for_this_turn [4>3]move (imperative-but) library bottom [2>?]move.sorcery"
3,NPH_Norn,^'elš-norn šχa'θǆønobt.^ʁajgφe'x φyrx-pxajtr.^ɣwipnrukm.^xe-sall-qə-qxuπul-xexə-πee'x-ʁitapeq.^xe-qə-əxnɒɒqč-qxuπel-xe-πee'x-ʁitapeq.^xe-porgəxt-ɢyytx-sallkeθəəɢð-ʁi'iǆe'et.^ba-ɢyytx pənan-ǩaπa-ha-φyrxkeθəɢð-'ešχa'θnapyt.,"Elesh Norn, Grand Cenobite. Legendary Creature — Phyrexian Praetor. Vigilance. Other creatures you control get +2/+2. Creatures your opponents control get -2/-2. “The Gitaxians whisper among themselves of other worlds. If they exist, we must bring Phyrexia’s magnificence to them.”",There's a difference between the MTGA and judge promo of this card. The judge promo version is believed to be the correct one.,elesh norn grand-cenobite.legendary-creature phyrexian praetor.vigilance.(indicative) other (that) [2>?]control (indicative-addition) [pl]creature {+2/+2} ?_[3>4]get.(indicative) (that) [pl]opponent [3>4]control (indicative) [pl]creature {-2/-2} ?_[3>4]get.(indicative) group-? [pl]gitaxian other-[pl]world ?_[3>4]whisper.(if) [pl]gitaxian ? (shall) (must) phyrexian-world ?_great_[4>3]?
4,NPH_Ura,^'urbrask əxťeķibrs.^ʁajgφe'x φyrx-pxajtr.^xe-qə-qxuπul-xe-πee'x-ɣwiziklvuwk-ʁitapeq.^baqilx-qə-əxnɒqč-qxuπel-xe-φe'x-əšqtwøǩxθəxt lo-ɣypym.^'uxuφ-mrodnqẅrɮwi'g-močq-χi'ətsxen-'u-'urbrask-χiɢɬčǩaaqq-tǥoθχm.^'u-'asm-keqxǆuɣyp:prosuj-lo.,"Urabrask the Hidden. Legendary Creature — Phyrexian Praetor. Creatures you control have haste. Creatures your opponents control enter the battlefield tapped. When the Mirran resistance arrived, the furnace dwellers looked to Urabrask for guidance. His decree stunned the others: “Let them be.”",,urabrask not_?.legendary-creature phyrexian praetor.(indicative) (that) [2>?]control (indicative) [pl]creature haste ?_[3>4]get.(if-would) (that) opponent [3>4]control (indicative) creature on_battlefield [4>3]tap.(past-when) mirrodin-resistance come ?_[3>4]ask (past) urabrask furnace-[pl]biomechanical ?.(past) decree [4>3]stun.? (imperative)
5,NPH_Jin,^ǆi'n-ɢytx dl'emqrukm.^ʁajgφe'x φyrx-pxajtr.^ɣwiziklʁums.^baxuφ-πlnaķmqpønuč-'iixtfu'q-lo-ɢwiinš-mprɒsuw.^xe-əxnɒɒqč-naql'oparxyχ-sər-mɒɣyg.^əx-πllupsθəxt-xeqit-qpenčodrm:jnaķmφyrxkeθəgð-naķym-qpenčodrm.,"Jin-Gitaxias, Core Augur. Legendary Creature — Phyrexian Praetor. Flash. At the beginning of your end step, draw seven cards. Each opponent’s maximum hand size is reduced by seven. “It is not a goal, but a process—the process of creating the perfect Phyrexia.”",,jin gitaxias complete_?_see.legendary-creature phyrexian praetor.flash.(if-when) complete-[2>2]step begin (imperative) {7} [pl]card [2>2]draw.(indicative) [pl]opponent [4>3]hand-limit by {7} [4>3]reduce.(not) goal (indicative-but) process.perfect-phyrexian-world [4>3]make process
6,NPH_Sheo,^šøldrd naķm'iǆee't.^ʁajgφe'x φyrx-pxajtr.^ɣwiqaškmjment.^baxuφ-dlabzqpønuč-'iixtfu'q-lo-dlθuqxiwwθəxut-φe'xɢwinš-žyxut-loxə-əšqtwøǩxθəxut.^baxuφ-əxnɒqč-dlabzqpenyč-'iixtfu'q lo-φe'yx-no'b'ugym.,"Sheoldred, Whispering One. Legendary Creature — Phyrexian Praetor. Swampwalk. At the beginning of your upkeep, return target creature card from your graveyard to the battlefield. At the beginning of each opponent’s upkeep, that player sacrifices a creature.",,sheoldred make-[pl]whisper.legendary-creature phyrexian praetor.swampwalk.(if-when) [2>2]upkeep begin (imperative) [2>?]graveyard creature-card [2>?]target (imperative-and) on_[2>?]battlefield.(if-when) opponent [4>3]upkeep begin (imperative) [4>3]creature [4>3]sacrifice
7,NPH_Vorin,^vornχlx gagg-xutšyv.^ʁajgφe'x φyrx-pxajtr.^ɣwikfɒǧpan'g.^baxuφ-θəɢð-ma'nɣyπum lo-qə-ŋeǩydym-'u-ma'npøkk-babug.^baxuφ-əxnɒqč-θəɢð-ʁima'nɣypem-əl-naķmqxuπl-ɢəčθəɢð-ɢnagɮəxɣypmqpenyčpxe-ʁiəxɣypem.,"Vorinclex, Voice of Hunger. Legendary Creature — Phyrexian Praetor. Trample. Whenever you tap a land for mana, add one mana of any type that land produced. Whenever an opponent taps a land for mana, that land doesn’t untap during its controller’s next untap step.",,vorinclex hunger [4>3]voice.legendary-creature phyrexian praetor.trample.(if-when) land mana-[2>3]tap (imperative) {1} (that) [4>3]produce (past) mana-type [2>?]add.(if-when) opponent land ?_mana-[3>4]tap (not) make-control this-?_land next-not_tap-[4>3]step-? ?_not_tap
8,KHM_Vorin,^vornχlx 'ežkatmfxarl.^ʁajgφe'x φyrx-pxajtr.^ɣwikfɒǧpan'g ɣwiziklvuwk.^baqilx-əšqnɒqč-əšq'astiwwðə-juuχẅķ-ţə'u'-loqit-ķus'ər-ţə'u'.^baqilx-əxnɒqč-əšqnɒqč-əšq'astiwwðə-juuχẅķ-ʁiţə'e' loqit-plθəxķus'ər-ţə'e'.,"Vorinclex, Monstrous Raider. Legendary Creature — Phyrexian Praetor. Trample, haste. If you would put one or more counters on a permanent or player, put twice that many of each of those kinds of counters on that permanent or player instead. If an opponent would put one or more counters on a permanent or player, they put half that many of each of those kinds of counters on that permanent or player instead, rounded down.",,vorinclex raid-monster.legendary-creature phyrexian praetor.trample haste.(if-would) on_player on_permanent_or [pl]counter [2>?]put (imperative-but) twice [2>?]put.(if-would) opponent on_player on_permanent_or [pl]counter ?_[3>4]put (imperative+but) incomplete_half [3>4]put
9,NEO_Jin,^ǆi'n-ɢytx ǩytπt-grjəťrk.^ʁajgφe'x φyrx-pxajtr.^baxuφ-qxuna'k-ziklʁums-kašplʁums-buǩuð lo-tluxtnaǩm.^ťe-ɢəčtluxtnaķm-šopraptžyxt-ʁšθaǩuɴ.^xe-ɢəčɣəwθ-xeronɣ'ii'ə-džəɬɢt.^baxuφ-əxnɒqč-qxuna'k-ziklʁums-kašplʁums-bukeð lo-šuqøn.^xe-ɢəčɣəwθ-xeronɣ'ii'ə-džəɬɢt.,"Jin-Gitaxias, Progress Tyrant. Legendary Creature — Phyrexian Praetor. Whenever you cast an artifact, instant, or sorcery spell, copy that spell. You may choose new targets for the copy. This ability triggers only once each turn. Whenever an opponent casts an artifact, instant, or sorcery spell, counter that spell. This ability triggers only once each turn.",Meanings for ability and trigger clash with ONE_Norn,jin gitaxias progress tyrant.legendary-creature phyrexian praetor.(if-when) artifact instant sorcery [2>3]play (imperative) [3>3]copy.(can) this_?_copy new-target [2>3]choose.(indicative) this_ability frequency_turn-one [3>3]trigger.(if-would) opponent artifact instant sorcery [3>4]play (imperative) [2>4]counter.(indicative) this_ability frequency_turn-one [3>3]trigger
10,NEO_Tami,^tam'oo' plinexs-føvɣ.^ʁajgnmhupment tam'joo'.^lo-φe'x-qxuna'k-xeəxkorxgr'ii'ə-žyxut-loxə-ɣypm əl-naķmqxuπl-ɢəč'astiww-ɢnagɮəxɣypmqpenyčpxe-ʁiəxɣypem.^lo-φlrχanjasərθ-'astiww-dlθuqxiwwθəxt-žyxut-loxə-čxət'.^lo-fa'ipθtluxtnaķm-naǩøm.^lo-tam'joo'rukxtekt-naķøm.^xe-ʁajgəxsopšiktqxuna'kfa'ipeθ.^xe-tapeq:ʁuumus-bukðrχanj-ser-mɒɣyg lo-ɢwinš-mprasuw.,"Tamiyo, Compleated Sage. Legendary Planeswalker — Tamiyo. Compleated. Tap up to one target artifact or creature. It doesn’t untap during its controller’s next untap step. Exile target nonland permanent card with mana value X from your graveyard. Create a token that’s a copy of that card. Create Tamiyo’s Notebook, a legendary colorless artifact token with “Spells you cast cost 2 less to cast” and “Draw a card.”",,"tamiyo compleat sage.legendary-planeswalker tamiyo.compleat.(imperative) creature artifact frequency_not_more_than_one [2>?]target (imperative-and) [3>3]tap (not) make-control this_permanent next-untap-[4>3]step-? ?_[3>4]untap.(imperative) complete_cost-number {X} permanent in_graveyard [2>?]target (imperative-and) [3>3]exile.(imperative) token-copy [2>4]make.(imperative) tamiyo-note-book [2>4]make.(indicative) legendary-colorless-artifact-token.(indicative) [3>3]get.[pl,2>2]spell play-cost by {2} [4>3]reduce.{T}.(imperative) card [2>3]draw"
11,SNC_Ura,^'urbrask-ɴk'ykg-pxajtr.^ʁajgφe'x φyrx-pxajtr.^ɣwiziklvuw'k.^baxuφ-dlabzqpønuč-'iixtfu'q lo-tektθəxut-'iitčɢwinyš-čxəťu'.^ťe-ɢəɢwinš-žkiɢəronɣ-buǩuð.^baxuφ-əxnɒqč-dlabzqpenyč-'iixtfu'q baqilx-ɢəroneɣɢnagɮɢwinyš-mprasew loqit-tektθəxet-'iitčɢwinyš-čxəte'.^ťe-ɢəɢwinš-žkiɢəronɣ-bukeð.,"Urabrask, Heretic Praetor. Legendary Creature — Phyrexian Praetor. Haste. At the beginning of your upkeep, exile the top card of your library. You may play it this turn. At the beginning of each opponent’s upkeep, the next time they would draw a card this turn, instead they exile the top card of their library. They may play it this turn.",,urabrask heretic praetor. legendary-creature phyrexian praetor.haste.(if-when) [2>2]upkeep begin (imperative) [2>?]library first-[4>3]card [2>3]exile.(can) this_card for_this_turn [2>3]play.(if-when) opponent [4>3]upkeep begin (if-would) this_[3>4]turn-next-[4>3]card [3>4]draw (if-but) [3>4]library first-[4>3]card [3>4]exile.(can) this_card for_this_turn [3>4]play
12,DMU_Sheo,^šøldrd-niťamg.^ʁajgφe'x φyrx-pxajtr.^ɣwiθuqx'əkš.^baxuφ-ɢwinš-mprasuw lo-sər-ǆko'uχ.^baxuφ-əxnɒqč-ɢwinš-mprasw lo-ser-huqet.,"Sheoldred, the Apocalypse. Legendary Creature — Phyrexian Praetor. Deathtouch. Whenever you draw a card, you gain 2 life. Whenever an opponent draws a card, they lose 2 life.",,sheoldred apocalypse. legendary-creature phyrexian praetor.deathtouch.(if-when) card [2>3]draw (imperative) by {2} [2>?]heal.(if-when) opponent card draw (imperative) by {2} [3>4]bleed
13,DMU_Ajani,^'əǆɒnii' veštganwr.^ʁajgnmhupment 'əǆɒnii'.^plinexs.^lo-tektθəx'ut-'iitčɢwinyš-kreπug.^ba-ɢəɢwinš-ʁiφe'x-ʁajgnmhupmentðə-ɢzyzšel-vuw'uk-lo-nɒqul.^bu-ɢəɢwinš-ʁiφe'x-ʁajgnmhupmentðə-vuw'uk-xwe-tektθəxut-ǩeǆylqitsodrm.^lo-πee'x-xeəxkorxgrķi'ə-žyxut.^lo-ķi-juuχẅķ-kuplɢəπee'x-χɬkevuk.^ɢəπee'x-ɣwipnrukm-žkiɢəronɣ-tapyq.^lo-čkalakm-naǩum.^lo-tapeq:baxuφ-φe'x-ʁajgnmhupmentðə-buǩuð lo-əxnɒqč-žyxut loxə-ķu-ʁiheeɬɬ-θapeq.,"Ajani, Sleeper Agent. Legendary Planeswalker — Ajani. Compleated. Reveal the top card of your library. If it’s a creature or planeswalker card, put it into your hand. Otherwise, you may put it on the bottom of your library. Distribute three +1/+1 counters among up to three target creatures. They gain vigilance until end of turn. You get an emblem with “Whenever you cast a creature or planeswalker spell, target opponent gets two poison counters.”",,ajani sleeper-agent. legendary-planeswalker ajani.compleat.(imperative) [2>3]library first-[4>3]card [2>3] reveal.(if) this_card ?_creature ?_planeswalker_or [3>4]? [2>3]move (imperative) [2>2]hand.(ifnot) this_card ?_creature ?planeswalker_or [2>3]move (may) [2>?]library bottom.(imperative) [pl]creature frequency_not_more_than_three [2>?]target.(imperative) three [pl]counter among_this_[pl]creature [2>3]distribute.this [pl]creature vigilance for_this_turn [4>3]get.(imperative) emblem [2>3]make.(imperative) [3>4]get.(if-when) creature planeswalker_or (ifnot) (imperative) opponent [2>?]target (imperative-and) three ?_[pl]poison [3>4]get
14,ONE_Norn,^'elš-norn jɒ'gžɒðʁ.^ʁajgφe'x φyrx-pxajtr.^ɣwipnrukm.^ba-qə-twøǩxθəxt-xexə-'astiww-w'astywuw-ɣwi't-ʁiǩažeð tluxt-ķažyð-lo-ɢəɣwi't.^əx-qə-twøǩxθəxt-xexə-'astiww-w'astiww-ɣwi't-ǩažeð.,"Elesh Norn, Mother of Machines. Legendary Creature — Phyrexian Praetor. Vigilance. If a permanent entering the battlefield causes a triggered ability of a permanent you control to trigger, that ability triggers an additional time. Permanents entering the battlefield don’t cause abilities of permanents your opponents control to trigger.",Meanings for ability and trigger clash with NEO_Jin,elesh norn machine_mother.legendary_creature phyrexian praetor.vigilance.(if) (that) battlefield (indicative-and) permanent of_[2>2]permanent ability ?_[3>4]trigger copy [4>3]trigger (imperative) this-ability.(not) (that) battlefield (indicative-and) permanent of_permanent ability [3>4]trigger
15,ONE_Jace,^ǆes jnaķm-'təɮirt.^ʁajgnmhupment ǆes.^plinexs.^lo-φe'x-xeəxkorxgr'ii'ə-žyxut-loxə-φɒ'ɢnagɮronuɣ-tapyq.^lo-nɒqč-žyxut-loxə-sər-ẅəpek.^ba-θuqxiwwθəxt-lyφkorxgrǆ'ynppðə-ɢwiinš-lo-mprasuw.^bu-ɢwinš-mprasuw.^lo-nɒqč-žyxut-loxə-sər-ķi-tøwp-ẅəpyk.,"Jace, the Perfected Mind. Legendary Planeswalker — Jace. Compleated. Until your next turn, up to one target creature gets -3/-0. Target player mills three cards. Then if a graveyard has twenty or more cards in it, you draw three cards. Otherwise, you draw a card. Target player mills three times X cards.",,jace perfect mind.legendary-planeswalker jace.compleat.(imperative) creature frequency_not_more_than_one [2>3]target (imperative-and) {-3/-0} until_next_[2>?]turn [4>3]get.(imperative) player [2>?]target (imperative-and) by {3} [3>4]mill.(if) graveyard {20} ?_more_than_equal_or [pl.]card (imperative) [2>3]draw. (if_not) card [2>3]draw.(imperative) player [2>?]target (imperative-and) by {X} times [4>3]mill
16,ONE_Vraska,^vraskə' πnokx-'afy'.^ʁajgnmhufment vraskə'.^plinexs.^lo-ɢwinš-mprasuw-loxə-sər-huǧt.^lo-jektlexøq.^lo-φe'x-žyxut-qxuna'k-ǧliŋš-tlexeq.^xe-sall-ɢwinšπøøkkɣwii'txə-'oparxuχ.^xe-tapeq-no'b'ugum-'ɒpsopšikt-'ii-ma'n-babug.^lo-nɒqč-žyxut-baxe-grmɒɣg-ʁiheeɬeɬ-dlgeftʁiheeɬɬ-lo-tapeq.,"Vraska, Betrayal's Sting. Legendary Planeswalker — Vraska. Compleated. You draw a card and you lose 1 life. Proliferate. Target creature becomes a Treasure artifact with “Sacrifice this artifact: Add one mana of any color” and loses all other card types and abilities. If target player has fewer than nine poison counters, they get a number of poison counters equal to the difference.",,"vraska betrayal [4>3]sting.legendary-planeswalker vraska.compleat.(imperative) card [2>3]draw (imperative-and) by {1} [?>?]hurt.(imperative) [2>4]proliferate.(imperative) creature [2>?] target artifact treasure [3>4]?.(indicative) other card-[pl.]type-[pl.]ability_and [2>3]limit.(indicative) [3>4]get.[2>?]sacrifice.any_color one mana [2>3]add.(imperative) player [2>?]target (if-indicative) less_than {9} [pl.,3>4]poison in_?-[pl.]poison (imperative) [3>4]get"
17,ONE_Lukka,^lyku' keɴt-hfwežφ.^ʁajgnmhupment lyku'.^plinexs.^lo-babug.^ǩaπa-ɢəma'n-φee'xčtəčpliɣnɣwi'ytðə-xe'ii'ə-ʁihisup.^lo-ɮiwwφyrxpnpe'kφe'xfa'ipθ-naǩum.^xe-ɬaʁq-tapeq.^lo-'ɒpasərθφee'xʁajgnmhuupmentxəðə-žyxut.^lo-lyku'-sər-'ɒpžyyxgɮəsuv-ðpačuk.^'u-qə-qxuπul-'uxə-ðazpnkorxnu'fφee'x-loxuπ-ɣwi't-čtəčpliɣun-ʁiǆ'ynpp.,"Lukka, Bound to Ruin. Legendary Planeswalker — Lukka. Compleated. Add R/G. Spend this mana only to cast creature spells or activate abilities of creatures. Create a 3/3 green Phyrexian Beast creature token with toxic 1. Lukka deals X damage divided as you choose among any number of target creatures and/or planeswalkers, where X is the greatest power among creatures you controlled as you activated this ability.",,lukka bound in_ruin.legendary-planeswalker lukka.compleat.(imperative) {RG} [2>3]add.(shall) this_mana [pl.]creature-activate-[4>3]ability_or frequency_one ?_[2>3]spend.(imperative) {3/3} green-phyrexian-beast-creature-token [2>3]make.(indicative) toxic {1} [3>4]get.(imperative) any_number-[pl.]creature-[pl.]/planeswalker_and_or [2>3]target.(imperative) lukka by {X} ? [2>?]damage.(past) {X} (that) [2>?]control (past-and) ?-more-power-[pl.]creature (imperative-?) ability [2>3]activate equal
18,ONE_Nissa,^nisə' pnmenθ-naķmnsa'q.^ʁajgnmhupment nisə'.^plinexs.^lo-ɮiwwφyrxšχʁɒčxφe'xfa'ipθ-naǩum xexə-nisə' pnmenθ-naķmnsa'q-huqtkeɴyt-ʁiǆ'ynpep.^lo-qxuna'k-qab'θəxtðə-žyxut-loxə-qabu'.^xe-qə-qxuπul-xexə-πee'x-sər-aχəw'oɢθəsð-ɣwikfɒǧpən'gxə-žkiɢəronɣ-tapyq.,"Nissa, Ascended Animist. Legendary Planeswalker — Nissa. Compleated. Create an X/X green Phyrexian Horror creature token, where X is Nissa, Ascended Animist’s loyalty. Destroy target artifact or enchantment. Until end of turn, creatures you control get +1/+1 for each Forest you control and gain trample.",Enchantment is written here with the word for arena.,nissa ascended make-life.legendary-planeswalker nissa.compleat.(imperative) {X/X} green-phyrexian horror creature token [2>3]create (indicative-and) {X} nissa ascended make-life loyalty ?_equal.(imperative) artifact arena_or [2>3]target (imperative-and) [2>3]kill.(indicative) (that) [2>?]control (indicative-and) [pl.]creature {+1/+1} by each-forest trample_and for_this_turn [4>3]get
19,ONE_Nahiri,^nhirii' ŋyqχ.^ʁajgnmhupment nhirii'.^plinexs.^lo-φe'x-xeəxkorxgr'ii'ə-žyxut-loxə-ɢəφe'x-nɒqč-φɒ'ɢnagɮronuɣ-xet'eaχəw'twøǩx'ə-ʁigʁičtex.^lo-ɢwinš-šteǧuʁ-loxə-ɢwinš-mprasuw.^lo-qərχanjasərθgrmɒɣgnhirii'huqtkeɴyt-xexə-φe'xequipmentðə-ɣẅθuqxiwwθəxut-žyxut-loxə-ɢəɢwinš-čxət'.^lo-qə-ɢəɢwinš-tluxtnaķm-loxə-fa'ipθ-naǩum.^xe-ɢəɢwinš-ɣwiziklvuwk-ʁitapyq.^baxuφ-πlnaķmqpenč-'iixtfu'q lo-ɢəɢwinš-čxəťu'.,"Nahiri, the Unforgiving. Legendary Planeswalker — Nahiri. Compleated. Until your next turn, up to one target creature attacks a player each combat if able. Discard a card, then draw a card. Exile target creature or Equipment card with mana value less than Nahiri’s loyalty from your graveyard. Create a token that’s a copy of it. That token gains haste. Exile it at the beginning of the next end step.",An instance of equipment here is just written in english.,nahiri unforgiving.legendary planeswalker nahiri.compleat.(imperative) creature frequency_not_more_than-one [2>?]target (imperative-and) this_creature player until_next-[2>?]turn frequency_?_each-combat ?_[3>4]attack.(imperative) card [2>3]discard (imperative-and) card [2>3]draw.(imperative) ?_cost-number-than_less-nahiri loyalty (indicative-and) creature-equipment_or from_[2>2]graveyard [2>?]target (imperative-and) this_card exile.(imperative) (that) this_card copy (imperative-and) token [2>3]make.(indicative) this_card haste ?_[4>3]get.(if-when) end-step begin (imperative) this_card [2>3]exile
20,ONE_Plains,^'ičql.!ǩaπa-jɒɒ'g-žɒðyʁ-χtenaa.^ɣøπi't-θəɢð 'ičql.,Plains. Basic Land — Plains.,,plains.(!shall) [pl.]machine [4>3]mother [2>1]behold.basic land plains
21,ONE_Island,^kẅθəɢð.^xe-jnaķm-ǩoθaǩ-χiǆ'ynpep.^ɣøπi't-θəɢð kẅθəɢð.,Island. Basic Land — Island.,,island.(indicative) perfect [?>?]? ?_[3>4]equal.basic land island
22,ONE_Swamp,^qaškm.^lo-xwixč-θwiχaš-gøẅrφ-'ičaq.^ɣøπi't-θəɢð qaškm.,Swamp. Basic Land — Swamp.,,swamp.(imperative) fear [1>3]sow ? [?>?]?.basic land swamp
23,ONE_Mountain,^ktakx.^xwe-šχa'θnaķm-ǩeǆ'ǥeθ.^ɣøπi't-θəɢð ktakx.,Mountain. Basic Land — Mountain.,,mountain.(may) great_work [3>4]?.basic land mountain
24,ONE_Forest,^'oɢθəsð.^xe-xe'ii'ə-ə'ufɬrøʁɴ-ɢises.^ɣøπi't-θəɢð 'oɢθəsð.,Forest. Basic Land — Forest.,,forest.(indicative) frequency_one ? [3>4]evolve.basic land forest
25,ONE_Arena,^φyrx-qab'θəxt.^myθž.^baxuφ-ðlabzqpønuč-'iixtfu'q-lo-ɢwinš-mprasuw-loxə-sər-huqøt.,"Phyrexian Arena. Enchantment. At the beginning of your upkeep, you draw a card and you lose 1 life.",,phyrexian arena.enchantment.(if-when) upkeep [3>3]begin (imperative) card [2>3]draw (imperative-and) by {1} [2>4]bleed
26,NPH_Agent,^ɮzətɣð-ganwr.^φe'x φyrx-'ønəķ-θutlzətč.^ɣwiɮəɣð.^əx-ɮzətɣð-ganwr-kfɒ'q'.^xwe-'urbrask-χheruǩum-ʁiwtultm əlqit-lups.^'avričt ɢyytx-ɮportt.,"Blighted Agent. Creature — Phyrexian Human Rogue. Infect. Blighted Agent can’t be blocked. “Urabrask may suspect our surveillance, but he cannot stop it.” — Avaricta, Gitaxian sective.",,blighted agent.creature phyrexian human rogue.infect.(not) blighted agent [3>3]block.(may) urabrask  [2>3]surveilance ?_suspect (not-but) [?>?]stop.avaricta [pl.]gitaxian sective
27,NPH_Elf,^naķmφ'kitv-jalf.^φe'x φyrx-jalf-naķmtǆyφt.^ɣwiɮəɣð.^xwe-nsa'q-pn'ətsxaan-ťexẅots-wφyrxjnaķm-'ɒjbť-bɬølaπ.,"Glistener Elf. Creature — Phyrexian Elf Warrior. Infect. Beg me for life, and I will fill you with the glory of phyrexian perfection.",,make-foil elf.creature phyrexian elf make-war.infect.may life [2>1]beg (can-thus) of_phyrexian-perfection glory [1>?]fill
28,NPH_Batterskull,^kšaπɢždɒ'ķ.^qxuna'k qipmt.^čkaqqtwøφt.^xe-qipltφe'x-ɣwipnrukm-ɣwinsa'qraφoj-ʁitapyq.^kšaπɢždɒ'ķ-hnaķmkeφe'xnaql-ʁi'iţpənun.^qiplt.,Batterskull. Artifact — Equipment. Living weapon. Equipped creature gets +4/+4 and has vigilance and lifelink. Return Batterskull to its owner’s hand. Equip.,,?-?.artifact equipment.biomechanical_being-weapon.(indicative) equip-creature {+4/+4} vigilance lifelink ?_[4>3]get. ?-? to_make-own-hand ?_[2>?]return.equip
29,NPH_InkNexus,^dlabzǆfyll'əqd.^θəɢð.^bɒb'g.^dlabzǆfyll'əqd-φyrx-dlabzǆfyll-qxuna'kφe'x-žkiɢəronɣ-ʁitapeq.^ɣwitøšq-ɣwiɮəɣð-pareɴ.,Inkmoth Nexus. Land. Add. Inkmoth Nexus becomes a 1/1 Phyrexian Blinkmoth artifact creature with flying and infect until end of turn. It’s still a land. ,,oil-moth-nexus.land.{T}.add {1}.{1}.oil-moth-nexus phyrexian oil-moth {1/1} artifact-creature for_this_turn [3>4]get.flying infect [3>4]?
30,C19_Krrik,^ǩərrk 'i'yl-jɒ'gmo'θ.^ʁajgφe'x φyrx-šχʁɒčx-'əqoq'.^ɣwinsa'qraφoj.^xwe-aχəw'-'štrχanj-ʁihuqɬgøťut xweqit-nsa'q-huqɬgøťut.^baxuφ-faxt-ʁums-buǩuð-lo-juχẅķ-əšqǩərrk-'i'yl-jɒ'gmo'θ-ʁiţə'u'.,"K'rrik, Son of Yawgmoth. Legendary Creature — Phyrexian Horror Minion. Lifelink. For each B in a cost, you may pay 2 life rather than pay that mana. Whenever you cast a black spell, put a +1/+1 counter on K'rrik, Son of Yawgmoth.",,krrik [4>3]son yawgmoth. legendary-creature phyrexian horror minion.lifelink.(may) each {B} ?_cost ?_[2>3]pay (may-but) life [2>3]pay.(if-when) black spell [2>3]play (imperative) {+1/+1} counter on_krrik [4>3]son yawgmoth ?_[2>3]put
31,NPH_Dismember,^čəxkefa'qsemr.^ziklʁums.^lo-φe'x-žyxut-loxə-žkiɢəronɣ-tapyq.,Dismember. Instant. Target creature gets -5/-5 until end of turn.,,dismember.instant.(imperative) creature [2>?]target (imperative-and) for_this_turn {-5/-5} [4>3]get
32,MBS_PsyCrawl,^jiǥgɣwi'v-bwedn.^qxuna'kφe'x φyrx-šχʁɒčx.^xe-jiǥgɣwi'v-bwedn-nu'fkoqšqle'yt-xə-qə-dlnɒqul-xexə-asərθ-wɢwiinš-ʁiǆ'ynπup.^baxuφ-ɢwinš-mprasuw-lo-aχəw'əxnɒqč-sər-huqet.,"Psychosis Crawler. Artifact Creature — Phyrexian Horror. Psychosis Crawler’s power and toughness are each equal to the number of cards in your hand. Whenever you draw a card, each opponent loses 1 life.",,psychosis crawler.artifact-creature phyrexian horror.(indicative) psychosis crawler power-[4>3]toughness (and) (that) [2>2]hand (indicative-and) each [pl.]card ?_[2>3]equal.(if-when) card [2>3]draw (imperative) each_opponent by {1} [3>4]bleed
33,NPH_Annex,^norn-ǩlətkyk.^qxuna'k.^əx-πee'x-čkɒquq-qə-qxuπul-xexə-ʁajgnmhupmeentðə-gʁyčtx-loəq-qxuπyl-xe'štaχəw'φe'x'ə-huqɬgøtet.,Norn's Annex. Artifact. Creatures can’t attack you or planeswalkers you control unless their controller pays W/P for each of those creatures.,,norn [4>3]annex.artifact.(not) creatures [2>2]biomechanical_being (that) [2>?]control (indicative-and) [pl.]planeswalker_or attack (imperative-?) [4>3]control {W/P} frequency_for_each_creature pay
34,NPH_Misstep,^ɬšeɴazyv-təɮirt.^ziklʁums.^lo-φrχanjasərθ'ii'ʁums-žyxut-loxə-šuǧun.,Mental Misstep. Instant. Counter target spell with mana value 1.,,[4>3]? mind.instant.(imperative) complete_cost-number-one-?_spell [2>3]target (imperative-and) [2>3]counter
35,NPH_BeastWithin,^pnpe'k-dlčkaqeq.^ziklʁums.^lo-'astiww-žyxut-loxə-qabe'.^lo-ɢəastiwwnaķmqxupl-ɮiwwpnpe'kfa'ipθ-ʁinaķem.,Beast Within. Instant. Destroy target permanent. Its controller puts a 3/3 green Beast creature token onto the battlefield.,,
36,SLD_Praetors,^φyrxkeθəgð-pxaajtyr:plinexs-ɢwinšporg.^φyrxkeθəgð-pxaajtyr:plinexs-ɢwinšporg.^φ'kitv-wnšprg.,Phyrexian Praetors. Compleat Edition. Phyrexian Praetors. Compleat Edition. Foil Edition,,phyrexian-world [pl]praetor.compleat card-group.phyrexian [pl]praetor.compleat card-group.foil card-group
37,SLD_Swamp,^qaškm.^ɣøπi'tθəɢð qaškm.,Swamp. Basic Land — Swamp.,,swamp.basic-land swamp
38,Swamp_Lore,^qaškm.^ǩa-qẅrɮwi'g-φe'yx-ruǩam.^xe-mrodn-plinexs.^ǩaπa-əšqmefidrs-qə-naķym-πlnaķym-'u-naķmčəxɬišok-pnrukem.^šøldrd naķm'iǆee't.,,,swamp.(?) resistance [4>3]creature [1>3]see.(indicative) mirrodin compleat. (shall) on_mephidross (that) [4>3]work [4>3]complete (past) make-?_not_? [3>4]greater_see.sheoldred make-[pl]whisper
39,ONE_Article,^jɒɒ'g-mo'yθ.^ǩaπa-dlikχanuj-šχa'yθ.^ǩaπa-hπŋotux-ķoɮǩum-ǩaπaxə-ɢţrɒsad-šdeχud.^jɒ'gžɒðʁ.^ǩaπa-š'iimashaǩ.^čkaqq.^təmn.,"Greatness, at any cost. Fall to your knees and welcome our embrace. Mother of Machines. All will be one. A mixed organic and non-organic sentient being, or a fully non-organic sentient being. A fully organic sentient being.",,[pl.]machine [4>3]father.(shall) in_?_cost [4>3]great.(shall) [2>2]knee [2>3]fall (shall-and) [?>?]embrace [2>3]welcome.machine_mother.(shall) ?_one_[?>?]?.biomechanical_being.organic_being
40,ONE_Live,^xe-φyrxkeθəɢoð.^ǩaπa-jnaķm-weɢw-dl'əpyryx-ɢəkeθəɢð-θwiχaš.,We are Phyrexia. We will sow perfection into the soft flesh of this world.,,(indicative) phyrexian_world.(shall) perfection ? in_[4>3]flesh this_world [1>3]sow
41,ONE_Panel,^lo-ronuɣ.^ŋo-ronoɣ.^xe-twøǩox.^əl-kfɒ'ǧa'.^lo-φarθkyžun-ɬšeɴazyv-təɮirat.,,,(imperative) [2>?]turn.(interrogative) [1>1]turn.(indicative) [1>1]combat.(negative) [?>?]block.(imperative) sun-[2>2]ring ? [1>3]mind
42,MBS_Trailer,^xe-qə-'əpyrxnaķym-xe-jneķom.^xe-xutšav.^qə-'uɮyč-xe-pən'yg-xexə-hπee'x-šəkţayep.^xe-θuqx-xwixyč-dlik-ɣwiəxťeθuqx-'ug'əχw.^ǩaπa-ɢəkeθəgð-bytptxyš-ɣɒzaɢ.^xe'um-šoprapφyrxkeθygð-natlič-krepyg.^'u-šχa'θnaķm-'iixtfu'eq.,"We are perfection made flesh. Our voice calls out to the lost and the broken. They fear death, even as we offer immortality. We will flay the false skin of this world, to reveal the face of a New Phyrexia. The great work has begun.",Resolution is very low quality and confidence on the correctness of every glyph is shaky.,
43,NPH_Trailer,^'u-šoprptφyrxkeθəgð-šχa'θnķym-φlnaķem.^xe-jɒ'g'ə'wgwəww-ma'n-šoprapt'ɴŋexyx-ʁilu'ef.^xemrodn-'əbə'yw-φyrx-pltxexyš-əšqmɴyryx.^xe-pxənnn-xeqit-'iǆee't-təɮirt-ʁičpan'eg.^jɒɒ'g-mo'yθ-močeq-ǩaπa.^naķməxφlɢiqoš.,"The great work of New Phyrexia is complete. New sources of mana power the Machine Orthodoxy. Beneath phyrexian skin, the heart of mirrodin burns. The body is whole, but whispers splinter the mind. The father of machines is coming. Destroyer.",Resolution is very low quality and confidence on the correctness of every glyph is shaky.,
44,ONE_Trailer,^lo-kytθ-əxjnɒķum-ǩlɒkem.^xba-wǆetɢ-θxhikeb lo-πyyrex-ťraǩaq.^ǩaπa-əxtuneem-'aliθat.^lo-φyrxkeθəɢyð-'št'ečel'-'əpyryx-keθəɢð-'ičuq.^xe-ťəəmen-qə'ičyq-ǩaπa-keφe'x.^xe-čǩaaǧeq-naķmkep'ee'ox.^ǩaπa-hπŋotux-ķoɮǩum-ǩaπaxə-ɢţrɒsad-šdeχud.^lo-jnaķm-pnsča'eθ.^ǩaπa-š'iimashaǩ.,,English voiceover does not directly translate to written text on screen.,
45,MOM_Teaser,^əx-φyrxkeθəɢð-jəŋθm-štodam.^šǩa-š'hupš-pn'ẅ'uzɮ.^əx-twøǩx-gøẅruφ.^ǩaπa-š'iimashaǩ.,,,
46,ONE_Solphim,^ǩaπa-šoprapt-φyrxkeθəɢð-χtena.^φyrxkevəɢð.^xe-φyrxkeθəɢoð.^ǩaπa-jnaķm-weɢw-dl'əpyryx-ɢəkeθəɢð-θwiχaš.^lo-jnaķm-pnsča'eθ.^naķmpihš.^φyrxkeθəɢð.^ǩaπa-əxtuneem-'aliθat.^naķmzept.,,,(shall) new phyrexian-world [1>3]behold.phyrexian-world.(indicative) phyrexian_world.(shall) perfection ? in_[4>3]flesh this_world [1>3]sow.(imperative) perfection [3>4] surrender.make-?.phyrexian-world.(shall) not-[pl.]pure [1>3]cleanse.make-?
47,Dark_Discov,^ťattnakmmijens.^ťattnakmmijenž.^əkπa-əjnaqoč-səkdspyig-žəkdspyig.^ǩaπa-dlpχajtr-ťəwolam.^χəə'oχmŋe-dlmo'oθ-wčtəčč.,,,
48,MTGSalvation,^φyrxɮɒ'ɣ.,Phyrexian Language.,"Deduced from context. This screenshot is from the MTGSalvation forum, in a discussion of a promotional article for New Phyrexia. Discussion: https://www.mtgsalvation.com/forums/magic-fundamentals/the-rumor-mill/speculation/245563-new-phyrexian-language?page=2 Article: https://web.archive.org/web/20130520073246/http://wizards.com/Magic/Magazine/Article.aspx?x=mtg/daily/arcana/677",phyrexian-language
49,Ads,^mǩaπa-tɬxẅačt-xɬiwjhuqɬgøťut.^xɬiwjvižuǥ.,,,
50,Merch,^ǩaπa-š'iimashaǩ.^'u-kulx-pən'yg.^lo-jnaķm-pnsča'eθ.^ǩaπa-əxtuneem-'aliθat.^plinexs.^jnaķm.^'ečel'.^'aliθt.,,,
51,MTGA,^'uštaxuφ-xørnyš-pnplťəəmn-konet-'ušta-jɒ'gmo'θ-jnaķm-'əţə'a'.^ɴetsxap-'əţə'o'-'štmrodaan-xexuφ-φyrxkeθəɢð-pnťwə'u'-ʁiɢkyxt'yw.^xe gøẅroφ luπes.^πrøtjt-ǩytπt.^lo φyrxkeθəɢð'ɒjbť-ẅɬnesuš.,,,
52,Keyboard,^ɮøht.^πaǆť.^plinexs.^qxuπyl.^nɒţm.^kšķiπχ.^θomk.,Tab. Caps Lock. Compleat. Control. Alt. Obliterate. Enter,Bad resolution makes it hard to get some of the glyphs right.,
53,BeadleGrimms,^ɣẅbiidlɢrimsxə-mǩaπa-šopraptφyrxkeθəɢð-χtena.^lo-jnaķm-əšb-ķuɮaθǩv-pnsča'uθ.^lo-zťøsaaǆ-loxe-ɢţrɒsd-šdeχaad.,"From Beadle & Grimm's: Behold New Phyrexia! Surrender to perfection on February 18, 2023. Subscribe and welcome our embrace.",,from_beadle_grimms_and (shall) new_phrexian_world [4>1]behold.(imperative) perfection on_{18}_february_{2023}_[2>3]behold.(imperative) [2>1]subscribe (imperative-and) embrace [2>1]welcome
54,BeadleGrimms_Guide,^naķmzept.^φyrxkeθəɢð.^'elš-norn.^'ečel'.^jnaķm.^naķmqxupl.^keθəɢð.^φ'kitvdlabz.^ǩaπa-šoprapt-φyrxkeθəɢð-χtena.^ǩaπa-əxtuneem-'aliθat.^lo-jnaķm-pnsča'eθ.^xe-φyrxkeθəɢoð.^ǩaπa-jnaķm-weɢw-dl'əpyryx-ɢəkeθəɢð-θwiχaš.^'ušta-'elš-norn-ẅ'uzɮšķiɴţk-jnaķem.^'ušta-φ'kitvdlabz-ķøvxǆav'ɴt-χimɴyrex-'uštaxə-plinexs-vl'elšnorn'ɴuŋəžl'asə'mx-'uxeq.^'ušta-θtatlmi'yl-'elš-norn-'ɴuŋəžal-ǆøzkaǩxə.^šxwə-šotym-norn-vqitz-šxwəxẅots-əšqšχa'θsoφys.,"Defiler.Phyrexia. Elesh Norn. Glory. Perfection. Controller. World. Glistening Oil. Behold New Phyrexia. We shall cleanse their impurities. Surrender to perfection. ____. Elesh Norn has perfected the Fair Basilica. The Surgical Bay spread Glistening Oil and commanded compleation under Elesh Norn's persistent rule. Elesh Norn's commandments were persistent and practiced. May the Apostles of Norn have risen, so may they have been recognized.",,
